{
  "capital_final": 2455.938571428593,
  "return_pct": -75.44061428571408,
  "trades": 1742,
  "win_rate": 33.065442020665905,
  "profit_factor": 0.9220317439600288,
  "max_drawdown": 88.22471563251004,
  "sharpe": -0.27782759384566574
}